maarjam_silva_seq,Kingdom,ncbi_top_hit
CAGCCGCGGTAATTCCAGCTCCAATAGCGTATATTAAAGTTGCTGCGGTTAAAAAGCTCGTAGTTGGATCTGGGTAGTCGATGGACGGTGCTTCGTAAGAAGCTACTGCCCGTTCGGCACCACAGCCCGGCCATGTCTTGCATGCTCTTCACTGAGTGTGCTTGGCGACCGGAACGTTTACTTTGAAAAAATTAGAGTGCTCAAAGCAGGCGTTAAGCCTTGTATAATGGTGCATGGGATAATGGAATAAGATTTTTGGCTTGTTCTGTTGGTTTTAGAGTCAGAAGTAATGATAAATAGGAACAGACGGGGGCATTCGTATTGCGGCGTTAGAGGTGAAATTCTTGGATCGTCGCAAGACGCACTACTGCGAAAGCATTTGCCAAGAATGTTTTCATTAATCAAGAACGAAAGTTAGAGGTTCGAAGGCGATCAGATACCGCCCTAGTTCTAACCATAAACGATGCCAACCAGCGATCCGTCGGTGTTTATTTGATGACTCGACGGGCAGCTTCCGGGAAACCAAAGTGTTTGGGTTC,gi|MOA36960|gb|LT982047|k__Fungi,tardigrades
CAGCCGCGGTAATTCCAGCTCCAATAGCGTATATTAAAGTTGTTGCAGTTAAAAAGCTCGTAGTTGAATTTCGGGATTGACACATCGGTCGTGCCTTAAGGGGTATGAACTGGTGTAGTCAATTTCTCACCTTCTGGAGAACCGCGATGCCCTTAATTGGGTGTCACGGGGAACCAGGACCTTTACTTTGAAAAAATTAGAGTGTTTAAAGCAGGCATTTTGCTTGAATACATTAGCATGGAATAATAAAATAGGACGGCATGATTCTATTTTGTTGGTTTCTAGGATCACCGTAATGATTAATAGGGATAGTTGGGGGCATTAGTATTCAATTGTCAGAGGTGAAATTCTTGGATTTATTGAAGACTAACTACTGCGAAAGCATTTGCCAAGGATGTTTTCATTAATCAAGAACGAAAGTTAGGGGATCGAAGACGATCAGATACCGTCGTAGTCTTAACCATAAACTATGCCGACTAGGAATCAGACGATGTTAATTTTTTAATGACTCGTTTGGCACCTTACGGGAAACCAAAGTGTTTGGGTTC,gi|MOA17382|gb|HG969584|k__Fungi,glomeromycetes
CAGCCGCGGTAATTCCAGCTCCAATAGCGTATATTAAAGTTGTTGCAGTTAAAAAGCTCGTAGTTGGATTTCTGGTATAGTGCGCTTGGCCCGCCACGGTATCGTGTGTGAGTGCCGATGCGCGCTTACCATCTTCCTGGAGAACGTTCCTGCCCTTTACTGGGTTGGGTTCGCAATCCAGGACCTTTACTTTGAAAAAATTAGAGTGTTTAAAGCAGGCTGAAAGTTATGAATACATTAGCATGGAATAATAAGTTAGGACTCGTATCTCGAATTTTGTTGGTTTTTGGGGAAATGAGTAATGATTGATAGGGATAGTTGGGGGTGCTAGTATTCAGCGGCCAGAGGTGAAATTCTTGGATTCGCTGAAGACTAACTTATGCGAAAGCATTCACCAAGGATGTCTTCTTTAATCAAGAACGAAAGTTGGGGGATCGAAGACGATCAGATACCGTCGTAGTCTCAACCATAAACTATGCCGACTTGGGATGGGTAAACGTTGACTTTATTGACTTTATTCGCACCATATGGGAAACCAAAGTGTTTGGGTTC,gi|MOA00099|gb|GU353928|k__Fungi,eukaryotes
CAGCCGCGGTAATTCCAGCTCCAATAGCGTATATTAAAGTTGTTGCAGTTAAAAAGCTCGTAGTTGAATTTCGGGGTTAGTAGGTTGGTCATGCCTCTGGTATGTACTGGTCTCACTGATTCCTCCTTCCTGATGAACCTTAATGCCATTAATTTGGTGTTTTGGGGAATTTGGACTGTTACTTTGAAAAAATTAGAGTGTTTAAAGCAAGCTAACGCTTGAATACATTAGCATGGAATAATGAAATAGGACGTTCGATCCTATTTTGTTGGTTTCTAGGATTGACGTAATGATTAATAGGGATAGTTGGGGGCATTAGTATTCAATTGTCAGAGGTGAAATTCTTGGATTTATTGAAGACTAACTACTGCGAAAGCATTTGCCAAGGATGTTTTCATTAATCAAGAACGAAAGTTAGGGGATCGAAGACGATCAGATACCGTCGTAGTCTTAACCATAAACTATGCCGACTAGGGATCGGATGATGTTAATTTTTTAATGACTCATTCGGCGCCTTACGGGAAACCAAAGTGTTTGGGTTC,gi|MOA17355|gb|HG969538|k__Fungi,fungi
CAGCCGCGGTAATTCCAGCTCCAATAGCGTATATTAAAGTTGCTGCGGTTAAAAAGCTCGTAGTTGGATCTGGGTCGTCGATGGACGGTGCGCCGTAAGGCGCTACTGTTTGTTCGGCACCACAGCCCGGCCATGTCTTGCATGCTCTTCACTGAGTGTGCTTGGCGACCGGAACGTTTACTTTGAAAAAATTAGAGTGCTCAAAGCAGGCGTTAAGCCTATATAATGGTGCATGGAATGATAGAATAAGACTTTTGCCTTGTTCTGTTGGCCTTAGAGGCAGAAGTAATGATAAATAGGAACAGACGGGGGCATTCGTATTGCGGCGTTAGAGGTGAAATTCTTGGATCGTCGCAAGACGCACTACTGCGAAAGCATTTGCCAAGAATGTTTTCATTAATCAAGAACGAAAGTTAGAGGTTCGAAGGCGATCAGATACCGCCCTAGTTCTAACCATAAACGATGCCAACCAGCGATCCGTCGGTGTTTATTAGATGACTCGACGGGCAGCTTCCGGGAAACCAAAGTGTTTGGGTTC,gi|MOA36960|gb|LT982047|k__Fungi,tardigrades
CAGCCGCGGTAATTCCAGCTCCAATAGCGTATATTAAAGTTGTTGCAGTTAAAAAGCTCGTAGTTGAATTTCGGAACTCATCCGTCGGTCGGGCTTAACTGTCCGCACTGGTGTGGTGGGTTCCTACCTTCTGAATAACCGGCATGCCATTAATTTGGTGCGCCGGGGAAGCAGGACTGTTACCTTGAAAAAATTAGAGTGCTTAAAGCAGGCTATCGCCTGAATACATTAGCATGGAATAATGAAATAGGACGGCATGGTTCTATTTTGTTGGTTTCTAGGATCACCGTAATGATTAATAGGGATAGTTGGGGGCATTAGTATTCAATTGTCAGAGGTGAAATTCTTGGATTTATTGAAGACTAACTTCTGCGAAAGCATTTGCCAAGGATGTTTTCATTAATCAAGAACGAAAGTTAGGGGATCGAAGACGATCAGATACCGTCGTAGTCTTAACCATAAACTATGCCGACTAGGGATCGGACGATGTTAATTTTTTAATGACTCGTTCGGCGCCTTACGGGAAACCAAAGTGTTTGGGTTC,gi|MOA20419|gb|LN824354|k__Fungi,glomeromycetes
CAGCCGCGGTAATTCCAGCTCCAATAGCGTATATTAAAGTTGTTGCAGTTAAAAAGCTCGTAGTTGAATTTCGGGATTGACGTGACGGTCGTGCCTTAAGGGGTATGAACTGTCGCAGTTGATTTCTCACCTTCTGGAGAAGCTTGATGTCCTTAATTGGGTGTCATGTGGAACCAGGACCTTTACCTTGAAAAAATTAGAGTGTTTAAAGCAGGCATTTTGCTCGAATACATTAGCATGGAATAATAGAATAGGACGGCATGGTTCTATTTTGTTGGTTTCTAGGATCACCGTAATGATTAATAGGGATAGTTGGGGGCATTAGTATTCAATTGTCAGAGGTGAAATTCTTGGATTTATTGAAGACTAACTACTGCGAAAGCATTTGCCAAGGATGTTTTCATTAATCAAGAACGAAAGTTAGGGGATCGAAGACGATCAGATACCGTCGTAGTCTTAACCATAAACTATGCCGACTAGGAATCAGACGATGTTAATTTTTTAATGACTCGTTTGGCACCTTACGGGAAACCAAAGTGTTTGGGTTC,gi|MOA08389|gb|AB749515|k__Fungi,fungi
CAGCCGCGGTAATTCCAGCTCCAATAGCGTATATTAAAGTTGTTGCGGTTAAAAAGCTCGTAGTCGAATTTGTGTCTCGTGCCGCCGGTTCATCGTTCGCGGTGTTAACTGGCGAGTCGCGAGACGTCCTGCCGGTGGGCTTAGCCCGCAAGGGCGGCCCAACTCAATCCTGCCGCGGTGCTCTTCATTGAGTGTCGAGGTGGGCCGGCACGTTTACTTTGAACAAATTAGAGTGCTTAAAGCAGGCTAAAACTTCGCCTGAATACTGTGTGCATGGAATAATGGAATAGGACCTCGGTTCTATTTTGTTGGTTTTCGGAACCCCGAGGTAATGATTAATAGGAACGGATGGGGGCATTCGTATTGCGACGTTAGAGGTGAAATTCTTGGATCGTCGCAAGACGGACAGAAGCGAAAGCATTTGCCAAAAACGCTTTCATTGATCAAGAACGAAAGTTAGAGGTTCGAAGGCGATCAGATACCGCCCTAGTTCTAACCATAAACGATGCCAGCTAGCGATCCGTCGACGTTCCTCCGATGACTCGACGGGCAGCTTCCGGGAAACCAAAGTGTTTGGGTTC,gi|MOA11286|gb|LN617777|k__Fungi,beetles
CAGCCGCGGTAATTCCAGCTCCAATAGCGTATATTAAAGTTGTTGCAGTTAAAAAGCTCGTAGTTGAATTTCGGGGTTAGTAGGTTGGTCATGCCTCTGGTATGTACTGGTCTCACTGATTCCTCCTTCCTGATGAACCTTAATGCCATTTATTTGGTGTTTTGGGGAATTTGGACTGTTACTTTGAAAAAATTAGAGTGTTTAAAGCAAGCTAACGCTTGAATACATTAGCATGGAATAATGAAATAGGACGTTCGATCCTATTTTGTTGGTTTCTAGGATTGACGTAATGATTAATAGGGATAGTTGGGGGCATTAGTATTCAATTGTCAGAGGTGAAATTCTTGGATTTATTGAAGACTAACTACTGCGAAAGCATTTGCCAAGGATGTTTTCATTAATCAAGAACGAAAGTTAGGGGATCGAAGACGATCAGATACCGTCGTAGTCTTAACCATAAACTATGCCGACTAGGGATCGGATGATGTTAATTTTTTAATGACTCATTCGGCGCCTTACGGGAAACCAAAGTGTTTGGGTTC,gi|MOA17355|gb|HG969538|k__Fungi,fungi
CAGCCGCGGTAATTCCAGCTCCAATAGCGTATATTAAAGTTGTTGCAGTTAAAAAGCTCGTAGTTGAATTTCGGAATTCATCCGTCGGTCGGGCTTAACTGTCCGTACTGGTGTGATGGGTTCCTACCTTCTGAATAACCGGCATGCCATTAATTTGGTGCGCCGGGGAAGCAGGACTGTTACCTTGAAAAAATTAGAGTGCTTAAAGCAGGCTATCGCCTGAATACATTAGCATGGAATAATGAAATAGGACGGCATGGTTCTATTTTGTTGGTTTCTAGGATCACCGTAATGATTAATAGGGATAGTTGGGGGCATTAGTATTCAATTGTCAGAGGTGAAATTCTTGGATTTATTGAAGACTAACTTCTGCGAAAGCATTTGCCAAGGATGTTTTCATTAATCAAGAACGAAAGTTAGGGGATCGAAGACGATCAGATACCGTCGTAGTCTTAACCATAAACTATGCCGACTAGGGATCGGACGATGTTAATTTTTTAATGACTCGTTCGGCGCCTTACGGGAAACCAAAGTGTTTGGGTTC,gi|ESA01480|gb|EU573760|k__Fungi,glomeromycetes
CAGCCGCGGTAATTCCAGCTCCAATAGCGTATATTAAAGTTGTTGCAGTTAAAAAGCTCGTAGTTGAATTTCGGAATTCATCCGTCGGTCGGGCTTAACTGTCCGCACTGGTGTGGTGGGTTCCTACCTTCTGAATAACCGGCATGCCATTAATTTGGTGCGCCGGGGAAGCAGGACTGTTACCTTGAAAAAATTAGAGTGCTTAAAGCAGGCTATCGCCTGAATACATTAGCATGGAATAATGAAATAGGACGGCATGGTTCTATTTTGTTGGTTTCTAGGATCACCGTAATGATTAATAGGGATAGTTGGGGGCATTAGTATTCAATTGTCAGAGGTGAAATTCTTGGATTTATTGAAGACTAACTTCTGCGAAAGCATTTGCCAAGGATGTTTTCATTAATCAAGAACGAAAGTTAGGGGATCGAAGACGATCAGATACCGTCGTAGTCTTAACCATAAACTATGCCGACTAGGGATCGGACGATGTTAATTTTTTAATGACTCGTTCGGCGCCTTACGGGAAACCAAAGTGTTTGGGTTC,gi|MOA20419|gb|LN824354|k__Fungi,glomeromycetes
CAGCCGCGGTAATTCCAGCTCCAATAGCGTATATTAAAGTTGTTGCAGTTAAAAAGCTCGTAGTTGGATCTCGGGTCCAGGCTGGCGGTTCGTTTCGCGACGACACTGCCCGTCCTGACCTACCTGCCGGTCGTCTCGTCGTGCTCTTCGCTGAGTGCGTCGAGTGGCTGGAACGTTTACTTTGAAAAAATTAGAGTGCTCAAAGCAGGCCGTTTGCCTGAATAACCGCGCATGGAATAATGGAATAGGACCTCGGTTCTATTTTGTTGGTTTTCGGAACTTGAGGTAATGATTAAGAGGGACAGACGGGGGCATTCGTATTACGGTGTTAGAGGTGAAATTCTTGGATCGCCGTAAGACGAACTACTGCGAAAGCATTTGCCAAGAATGTTTTCATTAATCAAGAACGAAAGTCAGAGGTTCGAAGACGATCAGATACCGTCGTAGTTCTGACCATAAACGATGTCGACTAGCGATCCGCGATCGTTGTTCATATGACCTCGCGGGCAGCCTTCGGGAAACCAAAGTGTTTGGGTTC,gi|MOA35369|gb|LT723272|k__Fungi,segmented worms
CAGCCGCGGTAATTCCAGCTCCAATAGCGTATATTAAAGTTGTTGCAGTTAAAAAGCTCGTAGTTGAATTTTGGATTCTGCCAGTTGGTCCATCTTTTGATGAGTACTGATTGTGTGGGGTCTATCCGCCTGGTGATACGTAATGTGCTTTATTGCATGTTGCGGGTAGCCAGGACCTTTACCTTGAAAAAATTAGAGTGTTTAAAGCAGGCTTATGCCGGAATACATTAGCATGGAATAATAGAATAGGACGATGTTGTTTTATTTTGTTGGTTTCTAGGACAACCGTAATGATTAATAGGGATAGTTGGGGGCATTAGTATTCAATTGTCAGAGGTGAAATTCTTGGATTTATTGAAGACTAACTACTGCGAAAGCATTTGCCAAGGATGTTTTCATTAATCAAGAACGAAAGTTAGGGGATCGAAGACGATCAGATACCGTCGTAGTCTTAACCATAAACTATGCCGACTAGGGATCGGGCGATGTTGTTTCCATGACTCGCTCGGCACCTTATGGGAAACCAAAGTGTTTGGGTTC,gi|MOA08601|gb|KC708367|k__Fungi,fungi
CAGCCGCGGTAATTCCAGCTCCAATAGCGTATATTAAAGTTGCTGCAGTTAAAAAGCTCGTAGTTGGATTTCTGGCGTGATGTTCCTGGCCCGCCTCAGTTATGAGTGTGAGTGCCGGGTTGCATCTGCCATCCTTCCAGAAAACGCCTTTGCTCTTTACTGGGTGGGGGTGCGATCTGGATCTATTACTTTGAAAAAATTAGAGTGTTTAAAGCAGGCGTTTGCCGTGTATACATTAGCATGGAATAATAATTTAGGACTTTGGTTCTATTTTGTTGGTTTCTAGGACTGAAGTAATGATTGATAGGGATAGTTGGGGGTGCTAGTATTCAGTGGCCAGAGGTGAAATTCTTGGATTCACTGAAGACTAACTTATGCGAAAGCATTCACCAAGGATGTCTTCTTTAATCAAGAACGAAAGTTGGGGGATCGAAGACGATCAGATACCGTCGTAGTCTCAACTATAAACTATACCAACTAAGGATGAGTGAACGTTGCATATACGACTTCATTCGAACTTTATGGGAAACCAAAGTGTTTGGGTTC,gi|MOA00099|gb|GU353928|k__Fungi,cercozoans
CAGCCGCGGTAATTCCAGCTCCAATAGCGTATATTAAAGTTGCTGCGGTTAAAAAGCTCGTAGTTGAATTTCGGAATTGATGCATCGGTCGTGCCTTAAGGGGCATGAACTGGTGTAGCCAATTTCTCACTTTCTGGTGTAATTGTGATGTCTTAATTGGTGTCTCAATGAACTGGAATTTTTTACTTTGAAAAAATTAGAGTGTTTAAAGCAGGCATTGATTTGCTTGAATACATTAGCATGGAATAATGAAATAGGACGGTGGTTCTGTTTTGTTGGTTTCTAGGATCACGTAATGATTAATAGGGACAGTTGGGGGCATTAGTATTCAATTGTCAGAGGTGAAATTCTTGGATTTATTGAAGACTAACTACTGCGAAAGCATTTGCCAAGGATGTTTTCATTAATCAAGAACGAAAGTTAGGGGATCAAAGACGATTAATTACGTCGTAGTCCTAACCATAAACTATGCCGACTAGGAATCAGACGATGTTAATTTTTTAATGACTCGTTTGGTACCTTACGGGAAACCAAAGTGTTTGGGTTC,gi|MOA08037|gb|KF467277|k__Fungi,glomeromycetes
CAGCCGCGGTAATTCCAGCTCCAATAGCGTATATTAGTGTTGTTGCGGTTAAAAAGCTCGTAGTTGAATTTCGGGATTGGGATATATCGGTCATGCCTTTAGGGGCATGAATTGGTGTGTAGCCAATTTCTCACCTTCTGGTGAATTGGGATGCTCTTGGGTGTTTCAATGAACTAGGACTTTTACTTTGAAAAAAATATAGTGTTTAAAGCGGGCATTTTTGCTTGAATACATTAGCATGGAATAATAAAATAGGACGATGGTTCTATTTTGTTGGTTTTAGGACCACGTAATGATTAATAGGGATAGTTGGGGGCATTAGTATTCAATAGTCAGAGGTGAAATTCTTGGATTTATTGAGGACTAACTACTGCGAAAGCATTTGCCAAGGATGTTTTCATTAATCAAGAACGAAAGTTAGGGGATCGAAGACGATTTATGTACATCGTAGTCTTAACCATAAACTATGCCGACTAGGAATCAGACAAAGTTCATTTTTTAATGACTTGTTTGGTACCTTACGGGAAACCAAAGTGTTTGGGTTC,gi|MOA03554|gb|HE615073|k__Fungi,glomeromycetes
CAGCCGCGGTAATTCCAGCTCCAATAGCGTATATTAAAGTTGTTGCAGTTAAAAAGCTCGTAGTTGAATTTCGGGATTGACACATCGGTCGTGCCTTAAGGGGTATGAACTGGTGTAGTCAATTTCTCACCTTCTGGAGAACCGCGATGCCCTTAATTGGGTGTTGCGGGGAACCAGGACCTTTACTTTGAAAAAATTAGAGTGTTTAAAGCAGGCATTTTGCTTGAATACATTAGCATGGAATAATAAAATAGGACGGCATGATTCTATTTTGTTGGTTTCTAGGATCACCGTAATGATTAATAGGGATAGTTGGGGGCATTAGTATTCAATTGTCAGAGGTGAAATTCTTGGATTTATTGAAGACTAACTACTGCGAAAGCATTTGCCAAGGATGTTTTCATTAATCAAGAACGAAAGTTAGGGGATCGAAGACGATCAGATACCGTCGTAGTCTTAACCATAAACTATGCCGACTAGGAATCAGACGATGTTAATTTTTTAATGACTCGTTTGGCACCTTACGGGAAACCAAAGTGTTTGGGTTC,gi|MOA17382|gb|HG969584|k__Fungi,glomeromycetes
CAGCCGCGGTAATTCCAGCTCCAATAGCGTATATTAAAGTTGTTGCGGTTAAAAAGCTCGTAGTCGAATTTGTGTCCCGCGCCGCTGGTTCATCGCTCGCGGTGTCCAACTGGCGTGTCCGCGGGACGTCCTGCCGGTGAGCTCAGCCCGCAAGGGCGGCTCAACTTTAAATCCCATCGCGGTGCTCTTCATTGAGTGTCGAGGTGGGCCGGCACGTTTACTTTGAACAAATTAGAGTGCTTAAAGCAGGCTAAAATTTTGCCTGAATACTGTGTGCATGGAATAATGAAATAGGACCTCGGTTCTATTTTGTTGGTTTTAAGAACCCCGAGGTAATGATTAATAGGAACGGATGGGGGCATTCGTATTGCGACGTTAGAGGTGAAATTCTTGGATCGTCGCAAGACGGACAGAAGCGAAAGCATTTGCCAAAAACGCTTTCATTGATCAAGAACGAAAGTTAGAGGTTCGAAGGCGATCAGATACCGCCCTAGTTCTAACCATAAACGATGCCAACCAGCGATCCGTCAACGTTCCTCCGATGACTTGACGGGCAGCTTCCGGGAAACCAAAGTGTTTGGGTTC,gi|MOA11286|gb|LN617777|k__Fungi,beetles
CAGCCGCGGTAATTCCAGCTCCAATAGCGTATATTAAAGTTGTTGCGGTTAAAAAGCTCGTAGTCGAATTTGTGTCCCGCGCCGCCGGTTCATCGCTCGCGGTGTTAACTGGCGTGTCCGCGGGACGTCCTGCCGGTGGGCTTAGCCCGTCGGGGCGGCCCAATCTCAATCCCACCGCGGTGCTCTTCATTGAGTGTCGAGGTGGGCCGGCACGTTTACTTTGAACAAATTAGAGTGCTTAAAGCAGGCTAAAACTTCGCCTGAATACTGTGTGCATGGAATAATGGAATAGGACCTCGGTTCTATTTTGTTGGTTTTCGGAATCCCGAGGTAATGATTAATAGGAACGGCCGGGGGCATTCGTATTGCGACGTTAGAGGTGAAATTCTTGGATCGTCGCAAGACGGACAGAAGCGAAAGCATTTGCCAAGAACGCTTTCATTGATCAAGAACGAAAGTTAGAGGTTCGAAGGCGATCAGATACCGCCCTAGTTCTAACCATAAACTATGCCAGCTAGCGATCCGCCGACGTTCCTCCGATGACTCGGCGGGCAGCTTCCGGGAAACCAAAGTGTTTGGGTTC,gi|MOA11286|gb|LN617777|k__Fungi,beetles
CAGCCGCGGTAATTCCAGCTCCAATAGCGTATATTAAAGTTGTTGCGGTTAAAAAGCTCGTAGTCGAATTTGTGTCTCGCGCCGCCGGTTCATCGCTCGCGGTGTTTAACTGGCGTGTCCGCGGGACGTCCTGCCGGTGGGCTCAGTCCCTTCGGGGGCGGCCCAACTTCAAATCCCACCGCGGTGCTCTTTACCGAGTGTCGAGGTGGGCCGGCACGTTTACTTTGAACAAATTAGAGTGCTTAAAGCAGGCTAAAACTTCGCCTGAATACTGTGTGCATGGAATAATGGAATAGGACCTCGGTTCTATTTTGTTGGTTTTCGGAACTCCGAGGTAATGATTAATAGGAACGGATGGGGGCATTCGTATTGCGACGTTAGAGGTGAAATTCTTGGATCGTCGCAAGACGGACAGAAGCGAAAGCATTTGCCAAAAACGCTTTCATTGATCAAGAACGAAAGTTAGAGGTTCGAAGGCGATCAGATACCGCCCTAGTTCTAACCATAAACGATGCCAGCTAGCGATCCGCCGACGTTCCTCCGATGACTCGGCGGGCAGCTTCCGGGAAACCAAAGTGTTTGGGTTC,gi|MOA11286|gb|LN617777|k__Fungi,beetles
CAGCCGCGGTAATTCCAGCTCCAATAGCGTATATTTAAGTTGTTGCAGTTAAAAAGCTCGTAGTTGGACTTTGGGTTGGGTCGGCCGGTCCGCCTTCAGGTGTGCACCGGTTTACTCGTCCCTTCTATCGGCGATGCGCTCCTGGCCTTAATTGGCCGGGTCGTGCCTCCGGTGCTGTTACTTTGAAGAAATTAGAGTGCTCAAAGCAAGCCTACGCTCTGTATACATTAGCATGGGATAACATCATAGGATTTCGGTCCTATTACGTTGGCCTTCGGGATCGGAGTAATGATTAACAGGGACAGTCGGGGGCATTCGTATTTCATAGTCAGAGGTGAAATTCTTGGATTTATGAAAGACGAACAACTGCGAAAGCATTTGCCAAGGATGTTTTCATTAATCAAGAACGAAAGTTGGGGGCTCGAAGACGATCAGATACCGTCCTAGTCTCAACCATAAACGATGCCGACCAGGGATCAGCGGATGTTGCTTTTAGGACTCCGCTGGCACCTTATGAGAAACCAAAGTGTTTGGGTTC,gi|MOA38540|gb|LT983627|k__Fungi,eudicots
CAGCCGCGGTAATTCCAGCTCCAATAGCGTATATTAGTGTTGTTGCGGTTAAAAAGCTCGTAGTTGAATTTCGGGATTGGGATATATTGGTCATGCCTTTAGGGGCATGAATCGGTGTGTAGCCAATTTCTCACCTTCTGGTGAATTGGGATGCTCTTGGGTGTTTCAATGAACTAGGACTTTTACTTTGAAAAAAATATAGTGTTTAAAGCGGGCATTTTTGCTTGAATACATTAGCATGGAATAATAAAATAGGACGATGGTTCTATTTTGTTGGTTTTAGGACCACGTAATGATTAATAGGGATAGTTGGGGGCATTAGTATTCAATAGTCAGAGGTGAAATTCTTGGATTTATTGAGGACTAACTACTGCGAAAGCATTTGCCAAGGATGTTTTCATTAATCAAGAACGAAAGTTAGGGGATCGAAGACGATTTATGTACATCGTAGTCTTAACCATAAACTATGCCGACTAGGAATCAGACAAAGTTCATTTTTTAATGACTTGTTTGGTACCTTACGGGAAACCAAAGTGTTTGGGTTC,gi|MOA03554|gb|HE615073|k__Fungi,glomeromycetes
