maarjam_seq,Kingdom,ncbi_top_hit
CAGCCGCGGTAATTCCAGCTCCAATAGCGTATATTAAAGTTGCTGCGGTTAAAAAGCTCGTAGTTGGATCTGGGTAGTCGATGGACGGTGCTTCGTAAGAAGCTACTGCCCGTTCGGCACCACAGCCCGGCCATGTCTTGCATGCTCTTCACTGAGTGTGCTTGGCGACCGGAACGTTTACTTTGAAAAAATTAGAGTGCTCAAAGCAGGCGTTAAGCCTTGTATAATGGTGCATGGGATAATGGAATAAGATTTTTGGCTTGTTCTGTTGGTTTTAGAGTCAGAAGTAATGATAAATAGGAACAGACGGGGGCATTCGTATTGCGGCGTTAGAGGTGAAATTCTTGGATCGTCGCAAGACGCACTACTGCGAAAGCATTTGCCAAGAATGTTTTCATTAATCAAGAACGAAAGTTAGAGGTTCGAAGGCGATCAGATACCGCCCTAGTTCTAACCATAAACGATGCCAACCAGCGATCCGTCGGTGTTTATTTGATGACTCGACGGGCAGCTTCCGGGAAACCAAAGTGTTTGGGTTC,gi|MOA36960|gb|LT982047|k__Fungi,tardigrades
CAGCCGCGGTAATTCCAGCTCCAATAGCGTATATTAAAGTTGTTGCAGTTAAAAAGCTCGTAGTTGAATTTCGGGATTGACACATCGGTCGTGCCTTAAGGGGTATGAACTGGTGTAGTCAATTTCTCACCTTCTGGAGAACCGCGATGCCCTTAATTGGGTGTCGCGGGGAACCAGGACCTTTACTTTGAAAAAATTAGAGTGTTTAAAGCAGGCATTTTGCTTGAATACATTAGCATGGAATAATAAAATAGGACGGCATGATTCTATTTTGTTGGTTTCTAGGATCACCGTAATGATTAATAGGGATAGTTGGGGGCATTAGTATTCAATTGTCAGAGGTGAAATTCTTGGATTTATTGAAGACTAACTACTGCGAAAGCATTTGCCAAGGATGTTTTCATTAATCAAGAACGAAAGTTAGGGGATCGAAGACGATCAGATACCGTCGTAGTCTTAACCATAAACTATGCCGACTAGGAATCAGACGATGTTAATTTTTTAATGACTCGTTTGGCACCTTACGGGAAACCAAAGTGTTTGGGTTC,gi|ESA01412|gb|AB076341|k__Fungi,glomeromycetes
CAGCCGCGGTAATTCCAGCTCCAATAGCGTATATTAAAGTTGTTGCAGTTAAAAAGCTCGTAGTTGAATTTCGGGGTTAGTAGGTTGGTCATGCCTCTGGTATGTACTGGTCTCACTGATTCCTCCTTCCTGATGAGCCGTAATGCCATTAATTTGGTGTTGCGGGGAATTTGGACTGTTACTTTGAAAAAATTAGAGTGTTTAAAGCAAGCTAACGCTTGAATACATTAGCATGGAATAATGAAATAGGACGTTCGATCCTATTTTGTTGGTTTCTAGGATTGACGTAATGATTAATAGGGATAGTTGGGGGCATTAGTATTCAATTGTCAGAGGTGAAATTCTTGGATTTATTGAAGACTAACTACTGCGAAAGCATTTGCCAAGGATGTTTTCATTAATCAAGAACGAAAGTTAGGGGATCGAAGACGATCAGATACCGTCGTAGTCTTAACCATAAACTATGCCGACTAGGGATCGGATGATGTTAATTTTTTAATGACTCATTCGGCGCCTTACGGGAAACCAAAGTGTTTGGGTTC,gi|ESA01405|gb|AB076315|k__Fungi,fungi
CAGCCGCGGTAATTCCAGCTCCAATAGCGTATATTAAAGTTGTTGCAGTTAAAAAGCTCGTAGTTGAATTTCGGGATTGACGTGACGGTCATGCCTTAAGGGGTATGAACTGTTACTGTTGATTTCTCACCTTCTGGAGAAACTTGATGTCCTTTATTGGGTGTCTTGCGGATCCAGGACCTTTACCTTGAAAAAATTAGAGTGTTTAAAGCAGGCATTTTTGCTCGAATACATTAGCATGGAATAATAGAATAGGACGGCATGGTTCTATTTTGTTGGTTTCTAGGATCACCGTAATGATTAATAGGGATAGTTGGGGGCATTAGTATTCAATTGTCAGAGGTGAAATTCTTGGATTTATTGAAGACTAACTACTGCGAAAGCATTTGCCAAGGATGTTTTCATTAATCAAGAACGAAAGTTAGGGGATCGAAGACGATCAGATACCGTCGTAGTCTTAACCATAAACTATGCCGACTAGGAATCAGACGATGTTAATTTTTTAATGACTCGTTTGGCACCTTACGGGAAACCAAAGTGTTTGGGTTC,gi|MOA08034|gb|KF467258|k__Fungi,glomeromycetes
CAGCCGCGGTAATTCCAGCTCCAATAGCGTATATTAAAGTTGTTGCAGTTAAAAAGCTCGTAGTTGAATTTCGGGATTGACACATCGGTCGTGCCTTAAGGGGTATGAACTGGTGTAGTCAATTTCTCACCTTCTGGAGAACCGCGATGCCCTTAATTGGGTGTCACGGGGAACCAGGACCTTTACTTTGAAAAAATTAGAGTGTTTAAAGCAGGCATTTTGCTTGAATACATTAGCATGGAATAATAAAATAGGACGGCATGATTCTATTTTGTTGGTTTCTAGGATCACCGTAATGATTAATAGGGATAGTTGGGGGCATTAGTATTCAATTGTCAGAGGTGAAATTCTTGGATTTATTGAAGACTAACTACTGCGAAAGCATTTGCCAAGGATGTTTTCATTAATCAAGAACGAAAGTTAGGGGATCGAAGACGATCAGATACCGTCGTAGTCTTAACCATAAACTATGCCGACTAGGAATCAGACGATGTTAATTTTTTAATGACTCGTTTGGCACCTTACGGGAAACCAAAGTGTTTGGGTTC,gi|ESA01412|gb|AB076341|k__Fungi,glomeromycetes
CAGCCGCGGTAATTCCAGCTCCAATAGCGTATATTAAAGTTGTTGCAGTTAAAAAGCTCGTAGTTGGATTTCTGGTATAGTGCGCTTGGCCCGCCACGGTATCGTGTGTGAGTGCCGATGCGCGCTTACCATCTTCCTGGAGAACGTTCCTGCCCTTTACTGGGTTGGGTTCGCAATCCAGGACCTTTACTTTGAAAAAATTAGAGTGTTTAAAGCAGGCTGAAAGTTATGAATACATTAGCATGGAATAATAAGTTAGGACTCGTATCTCGAATTTTGTTGGTTTTTGGGGAAATGAGTAATGATTGATAGGGATAGTTGGGGGTGCTAGTATTCAGCGGCCAGAGGTGAAATTCTTGGATTCGCTGAAGACTAACTTATGCGAAAGCATTCACCAAGGATGTCTTCTTTAATCAAGAACGAAAGTTGGGGGATCGAAGACGATCAGATACCGTCGTAGTCTCAACCATAAACTATGCCGACTTGGGATGGGTAAACGTTGACTTTATTGACTTTATTCGCACCATATGGGAAACCAAAGTGTTTGGGTTC,gi|MOA00099|gb|GU353928|k__Fungi,eukaryotes
CAGCCGCGGTAATTCCAGCTCCAATAGCGTATATTAACGTTGTTGCGGTTAAAAAGCTCGTAGTTGGATCTCGGTTTCGGGCGAGCGGTGCACCTTGCGGTGTCTACTGTTTGCCCGGACGATTTTGTTGGTTCGTGCATGGTTCTCTTAATCGAGTGCCATGTGTGGCCAGCACGTTTACTTTGAAAAAATTGGAGTGCTCAAAGCAGGCGCTACAGCCTGAACACTTGTGCATGGAATAATGGAATAGGATCTCGGTTCTATTTCGTTGGCTTTCGGAGTCGAGGTAATGATTAATAGGGACAGACGGGGGCATTCGTACTGCGACGTTAGAGGTGAAATTCTTGGATCGTCGCAAGACGAACTACTGCGAAAGCATTTGCCAAGAATGTTTTCATTAATCAAGAACGAAAGTTAGAGGTTCGAAGGCGATCAGATACCGCCCTAGTTCTAACCATAAACGATGTCGACCGGCGATCCGCTATCGTTAACTGAATGACTTAGCGGGCAGCCTCGGGGAAACCAAAGTGTTTGGGTTC,gi|MOA11286|gb|LN617777|k__Fungi,springtails
CAGCCGCGGTAATTCCAGCTCCAATAGCGTATATTAAAGTTGCTGCGGTTAAAAAGCTCGTAGTTGGATCTGGGTCGTCGATGGACGGTGCGCCGTAAGGCGCTACTGTTTGTTCGGCACCACAGCCCGGCCATGTCTTGCATGCTCTTCACTGAGTGTGCTTGGCGACCGGAACGTTTACTTTGAAAAAATTAGAGTGCTCAAAGCAGGCGTTAAGCCTATATAATGGTGCATGGAATGATAGAATAAGACTTTTGCCTTGTTCTGTTGGCCTTAGAGGCAGAAGTAATGATAAATAGGAACAGACGGGGGCATTCGTATTGCGGCGTTAGAGGTGAAATTCTTGGATCGTCGCAAGACGCACTACTGCGAAAGCATTTGCCAAGAATGTTTTCATTAATCAAGAACGAAAGTTAGAGGTTCGAAGGCGATCAGATACCGCCCTAGTTCTAACCATAAACGATGCCAACCAGCGATCCGTCGGTGTTTATTAGATGACTCGACGGGCAGCTTCCGGGAAACCAAAGTGTTTGGGTTC,gi|MOA36960|gb|LT982047|k__Fungi,tardigrades
CAGCCGCGGTAATTCCAGCTCCAATAGCGTATATTAAAGTTGTTGCAGTTAAAAAGCTCGTAGTTGAATTTCGGAACTCATCCGTCGGTCGGGCTTAACTGTCCGCACTGGTGTGGTGGGTTCCTACCTTCTGAATAACCGGCATGCCATTAATTTGGTGCGCCGGGGAAGCAGGACTGTTACCTTGAAAAAATTAGAGTGCTTAAAGCAGGCTATCGCCTGAATACATTAGCATGGAATAATGAAATAGGACGGCATGGTTCTATTTTGTTGGTTTCTAGGATCACCGTAATGATTAATAGGGATAGTTGGGGGCATTAGTATTCAATTGTCAGAGGTGAAATTCTTGGATTTATTGAAGACTAACTTCTGCGAAAGCATTTGCCAAGGATGTTTTCATTAATCAAGAACGAAAGTTAGGGGATCGAAGACGATCAGATACCGTCGTAGTCTTAACCATAAACTATGCCGACTAGGGATCGGACGATGTTAATTTTTTAATGACTCGTTCGGCGCCTTACGGGAAACCAAAGTGTTTGGGTTC,gi|MOA20419|gb|LN824354|k__Fungi,glomeromycetes
CAGCCGCGGTAATTCCAGCTCCAATAGCGTATATTAAAGTTGTTGCAGTTAAAAAGCTCGTAGTTGAATTTCGGGATTGGCGCATCGGTCGTGCCTTACGGGGTATGAACTGGTGCAGTCAATTTCTCACCTTCTGGAGAACCGCGATGTCCTTAATTGGGTGCCGCGGGGAACCAGGACCTTTACTTTGAAAAAATTAGAGTGTTTAAAGCAGGCATTTTTGCTTGAATACATTAGCATGGAATAATAAAATAGGACGGCATGGTTCTATTTTGTTGGTTTCTAGGACCACCGTAATGATTAATAGGGATAGTTGGGGGCATTAGTATTCAATTGTCAGAGGTGAAATTCTTGGATTTATTGAAGACTAACTACTGCGAAAGCATTTGCCAAGGATGTTTTCATTAATCAAGAACGAAAGTTAGGGGATCGAAGACGATCAGATACCGTCGTAGTCTTAACCATAAACTATGCCGACTAGGAATCAGACGATGTTAATTTTTTAATGACTCGTTTGGCACCTTACGGGAAACCAAAGTGTTTGGGTTC,gi|ESA01411|gb|AB076346|k__Fungi,fungi
CAGCCGCGGTAATTCCAGCTCCAATAGCGTATATTAAAGTTGTTGCGGTTAAAAAGCTCGTAGTCGAATTTGTGTCTCGTGCCGCCGGTTCATCGTTCGCGGTGTTAACTGGCGAGTCGCGAGACGTCCTGCCGGTGGGCTTAGCCCGCAAGGGCGGCCCAACTCAATCCTGCCGCGGTGCTCTTCATTGAGTGTCGAGGTGGGCCGGCACGTTTACTTTGAACAAATTAGAGTGCTTAAAGCAGGCTAAAACTTCGCCTGAATACTGTGTGCATGGAATAATGGAATAGGACCTCGGTTCTATTTTGTTGGTTTTCGGAACCCCGAGGTAATGATTAATAGGAACGGATGGGGGCATTCGTATTGCGACGTTAGAGGTGAAATTCTTGGATCGTCGCAAGACGGACAGAAGCGAAAGCATTTGCCAAAAACGCTTTCATTGATCAAGAACGAAAGTTAGAGGTTCGAAGGCGATCAGATACCGCCCTAGTTCTAACCATAAACGATGCCAGCTAGCGATCCGTCGACGTTCCTCCGATGACTCGACGGGCAGCTTCCGGGAAACCAAAGTGTTTGGGTTC,gi|MOA11286|gb|LN617777|k__Fungi,beetles
CAGCCGCGGTAATTCCAGCTCCAATAGCGTATATTAAAGTTGTTGCAGTTAAAAAGCTCGTAGTTGAATTTCGGAATTCATCCGTCGGTCGGGCTTAACTGTCCGTACTGGTGTGATGGGTTCCTACCTTCTGAATAACCGGCATGCCATTAATTTGGTGCGCCGGGGAAGCAGGACTGTTACCTTGAAAAAATTAGAGTGCTTAAAGCAGGCTATCGCCTGAATACATTAGCATGGAATAATGAAATAGGACGGCATGGTTCTATTTTGTTGGTTTCTAGGATCACCGTAATGATTAATAGGGATAGTTGGGGGCATTAGTATTCAATTGTCAGAGGTGAAATTCTTGGATTTATTGAAGACTAACTTCTGCGAAAGCATTTGCCAAGGATGTTTTCATTAATCAAGAACGAAAGTTAGGGGATCGAAGACGATCAGATACCGTCGTAGTCTTAACCATAAACTATGCCGACTAGGGATCGGACGATGTTAATTTTTTAATGACTCGTTCGGCGCCTTACGGGAAACCAAAGTGTTTGGGTTC,gi|ESA01480|gb|EU573760|k__Fungi,glomeromycetes
CAGCCGCGGTAATTCCAGCTCCAATAGCGTATATTAAAGTTGTTGCAGTTAAAAAGCTCGTAGTTGAATTTCGGAATTCATCCGTCGGTCGGGCTTAACTGTCCGCACTGGTGTGGTGGGTTCCTACCTTCTGAATAACCGGCATGCCATTAATTTGGTGCGCCGGGGAAGCAGGACTGTTACCTTGAAAAAATTAGAGTGCTTAAAGCAGGCTATCGCCTGAATACATTAGCATGGAATAATGAAATAGGACGGCATGGTTCTATTTTGTTGGTTTCTAGGATCACCGTAATGATTAATAGGGATAGTTGGGGGCATTAGTATTCAATTGTCAGAGGTGAAATTCTTGGATTTATTGAAGACTAACTTCTGCGAAAGCATTTGCCAAGGATGTTTTCATTAATCAAGAACGAAAGTTAGGGGATCGAAGACGATCAGATACCGTCGTAGTCTTAACCATAAACTATGCCGACTAGGGATCGGACGATGTTAATTTTTTAATGACTCGTTCGGCGCCTTACGGGAAACCAAAGTGTTTGGGTTC,gi|MOA20419|gb|LN824354|k__Fungi,glomeromycetes
CAGCCGCGGTAATTCCAGCTCCAATAGCGTATATTAATTTTGTTGCGGTTAAAAAGCTCGTAGTTGGATCTCGGTTTCGGGCGAGCGGTGTACCTTGCGGTATTTACTGTTTGCCCGGACGATTTTGTTGGTTCGTTTATGGTTCTCTTAACCGAGTGCCATAAGTGGCCAGCACGTTTACTTTGAAAAAATTGGAGTGCTCAAAGCAGGCGCTACAGCCTGAACATTAGTGCATGGAATAATGGAATAGGATCTCGGTTCTATTTCGTTGGCTTTCGGAGTCGAGGTAATGATTAATAGGGACAGACGGGGGCATTCGTACTGCGACGTTAGAGGTGAAATTCTTGGATCGTCGCAAGACGAACTACTGCGAAAGCATTTGCCAAGAATGTTTTCATTAATCAAGAACGAAAGTTAGAGGTTCGAAGGCGATCAGATACCGCCCTAGTTCTAACCATAAACGATGTCGACCGGCGATCCGTTATCGTTAACTGAATGACTTAACGGGCAGCCTCCGGGAAACCAAAGTGTTTGGGTTC,gi|MOA11286|gb|LN617777|k__Fungi,springtails
CAGCCGCGGTAATTCCAGCTCCAATAGCGTATATTAAAGTTGTTGCGGTTAAAAAGCTCGTAGTTGAATCTGTGTCGCACACCGTCGGTTCACCGCTCGCGGTGTTTAACTGGCGTGATGTGGGACGTCCTACCGGTGGGCTTAGCCTCGCGAGGGGCGGCCCAACTAATATCCCGTCGCGGTGCTCTTTACTGAGTGTCGAGTCGGGCCGGTACGTTTACTTTGAACAAATTAGAGTGCTTAAAGCAGGCTACCTTCGCCTGAATACTGCGTGCATGGAATAATGGAATAGGACCTCGGTTCTATTTTGTTGGTTTTCGGAACCCCGAGGTAATGATTAATAGGGACAGATGGGGGCATTCGTATTGCGACGTTAGAGGTGAAATTCTTGGATCGTCGCAAGACGGACAGAAGCGAAAGCATTTGCCAAAAATGTTTTCATTAATCAAGAACGAAAGTTAGAGGTTCGAAGGCGATCAGATACCGCCCTAGTTCTAACCATAAACGATGCCAGCTAGCGATCCGCCGAAGTTCCTCCGATGACTCGGCGGGCAGCTTCCGGGAAACCAAAGTGTTTGGGTTC,gi|MOA11286|gb|LN617777|k__Fungi,ants
CAGCCGCGGTAATTCCAGCTCCAATAGCGTATATTAAAGTTGTTGCAGTTAAAAAGCTCGTAGTTGGATCTCGGGTCCAGGCTGGCGGTTCGTTTCGCGACGACACTGCCCGTCCTGACCTACCTGCCGGTCGTCTCGTCGTGCTCTTCGCTGAGTGCGTCGAGTGGCTGGAACGTTTACTTTGAAAAAATTAGAGTGCTCAAAGCAGGCCGTTTGCCTGAATAACCGCGCATGGAATAATGGAATAGGACCTCGGTTCTATTTTGTTGGTTTTCGGAACTTGAGGTAATGATTAAGAGGGACAGACGGGGGCATTCGTATTACGGTGTTAGAGGTGAAATTCTTGGATCGCCGTAAGACGAACTACTGCGAAAGCATTTGCCAAGAATGTTTTCATTAATCAAGAACGAAAGTCAGAGGTTCGAAGACGATCAGATACCGTCGTAGTTCTGACCATAAACGATGTCGACTAGCGATCCGCGATCGTTGTTCATATGACCTCGCGGGCAGCCTTCGGGAAACCAAAGTGTTTGGGTTC,gi|MOA35369|gb|LT723272|k__Fungi,segmented worms
CAGCCGCGGTAATTCCAGCTCCAATAGCGTATATTAAAGTTGTTGCAGTTAAAAAGCTCGTAGTTGAATTTTGGATTCTGCCAGTTGGTCCATCTTTTGATGAGTACTGATTGTGTGGGGTCTATCCGCCTGGTGATACGTAATGTGCTTTATTGCATGTTGCGGGTAGCCAGGACCTTTACCTTGAAAAAATTAGAGTGTTTAAAGCAGGCTTATGCCGGAATACATTAGCATGGAATAATAGAATAGGACGATGTTGTTTTATTTTGTTGGTTTCTAGGACAACCGTAATGATTAATAGGGATAGTTGGGGGCATTAGTATTCAATTGTCAGAGGTGAAATTCTTGGATTTATTGAAGACTAACTACTGCGAAAGCATTTGCCAAGGATGTTTTCATTAATCAAGAACGAAAGTTAGGGGATCGAAGACGATCAGATACCGTCGTAGTCTTAACCATAAACTATGCCGACTAGGGATCGGGCGATGTTGTTTCCATGACTCGCTCGGCACCTTATGGGAAACCAAAGTGTTTGGGTTC,gi|MOA08601|gb|KC708367|k__Fungi,fungi
CAGCCGCGGTAATTCCAGCTCCAATAGCGTATATTAAAGTTGTTGCAGTTAAAAAGCTCGTAGTTGAATTTCGGGATTGACACATCGGTCGTGCCTTAAGGGGTATGAACTGGTGTAGTCAATTTCTCACCTTCTGGAGAACCGCGATGCCCTTAATTGGGTGTTGCGGGGAACCAGGACCTTTACTTTGAAAAAATTAGAGTGTTTAAAGCAGGCATTTTGCTTGAATACATTAGCATGGAATAATAAAATAGGACGGCATGATTCTATTTTGTTGGTTTCTAGGATCACCGTAATGATTAATAGGGATAGTTGGGGGCATTAGTATTCAATTGTCAGAGGTGAAATTCTTGGATTTATTGAAGACTAACTACTGCGAAAGCATTTGCCAAGGATGTTTTCATTAATCAAGAACGAAAGTTAGGGGATCGAAGACGATCAGATACCGTCGTAGTCTTAACCATAAACTATGCCGACTAGGAATCAGACGATGTTAATTTTTTAATGACTCGTTTGGCACCTTACGGGAAACCAAAGTGTTTGGGTTC,gi|ESA01412|gb|AB076341|k__Fungi,glomeromycetes
CAGCCGCGGTAATTCCAGCTCCAATAGCGTATATTAAAGTTGTTGCGGTTAAAAAGCTCGTAGTCGAATTTGTGTCCCGCGCCGCCGGTTCATCGCTCGCGGTGTTAACTGGCGTGTCCGCGGGACGTCCTGCCGGTGGGCTTAGCCCGTCGGGGCGGCCCAATCTCAATCCCACCGCGGTGCTCTTCATTGAGTGTCGAGGTGGGCCGGCACGTTTACTTTGAACAAATTAGAGTGCTTAAAGCAGGCTAAAACTTCGCCTGAATACTGTGTGCATGGAATAATGGAATAGGACCTCGGTTCTATTTTGTTGGTTTTCGGAATCCCGAGGTAATGATTAATAGGAACGGCCGGGGGCATTCGTATTGCGACGTTAGAGGTGAAATTCTTGGATCGTCGCAAGACGGACAGAAGCGAAAGCATTTGCCAAGAACGCTTTCATTGATCAAGAACGAAAGTTAGAGGTTCGAAGGCGATCAGATACCGCCCTAGTTCTAACCATAAACTATGCCAGCTAGCGATCCGCCGACGTTCCTCCGATGACTCGGCGGGCAGCTTCCGGGAAACCAAAGTGTTTGGGTTC,gi|MOA11286|gb|LN617777|k__Fungi,beetles
CAGCCGCGGTAATTCCAGCTCCAATAGCGTATATTAAAGTTGTTGCGGTTAAAAAGCTCGTAGTCGAATTTGTGTCTCGCGCCGCCGGTTCATCGCTCGCGGTGTTTAACTGGCGTGTCCGCGGGACGTCCTGCCGGTGGGCTCAGTCCCTTCGGGGGCGGCCCAACTTCAAATCCCACCGCGGTGCTCTTTACCGAGTGTCGAGGTGGGCCGGCACGTTTACTTTGAACAAATTAGAGTGCTTAAAGCAGGCTAAAACTTCGCCTGAATACTGTGTGCATGGAATAATGGAATAGGACCTCGGTTCTATTTTGTTGGTTTTCGGAACTCCGAGGTAATGATTAATAGGAACGGATGGGGGCATTCGTATTGCGACGTTAGAGGTGAAATTCTTGGATCGTCGCAAGACGGACAGAAGCGAAAGCATTTGCCAAAAACGCTTTCATTGATCAAGAACGAAAGTTAGAGGTTCGAAGGCGATCAGATACCGCCCTAGTTCTAACCATAAACGATGCCAGCTAGCGATCCGCCGACGTTCCTCCGATGACTCGGCGGGCAGCTTCCGGGAAACCAAAGTGTTTGGGTTC,gi|MOA11286|gb|LN617777|k__Fungi,beetles
CAGCCGCGGTAATTCCAGCTCCAATAGCGTATATTAAAGTTGTTGCAGTTAAAAAGCTCGTAGTTGGATTTCTGGTATAGTGCGCTTGGCCCGCCACGGTATCGTGTGTGAGTGCCGATGCGCGCTTACCATCTTCCTGGAGAACGTTCCTGCCCTTTACTGGGTTGGGTTCGCAATCCAGGACTTTTACTTTGAAAAAATTAGAGTGTTTAAAGCAGGCTGAAAGTTATGAATACATTAGCATGGAATAATAAGTTAGGACTCGTATCTCGAATTTTGTTGGTTTTTGGGGAAATGAGTAATGATTGATAGGGATAGTTGGGGGTGCTAGTATTCAGCGGCCAGAGGTGAAATTCTTGGATTCGCTGAAGACTAACTTATGCGAAAGCATTCACCAAGGATGTCTTCTTTAATCAAGAACGAAAGTTGGGGGATCGAAGACGATCAGATACCGTCGTAGTCTCAACCATAAACTATGCCGACTTGGGATGGGTAAACGTTGACTTTATTGACTTTATTCGCACCATATGGGAAACCAAAGTGTTTGGGTTC,gi|MOA00099|gb|GU353928|k__Fungi,eukaryotes
CAGCCGCGGTAATTCCAGCTCCAATAGCGTATATTAAAGTTGCTGCAGTTAAAAAGCTCGTAGTTGGATTTCTGGCGCTGTGTATGCGGCCCGCCACGGTTACGTGTGTGAGTGCCGCGGTATGCATGCCATCCTTCTAGATCCATTCTTCTCTCTTCATTGAGTGGAAGAATAGTCTAGATCGTTTACTTTGAAAAAATTAGAGTGTTTAAAGCAGGCTTTTGCTATGAATACATTAGCATGGAATAATAATTTAGGACTTCGGTTCTATTTTGTTGGTTTTGCGTACTGAAGTAATGATTGATAGGGATAGTTGGGGGTGCTAGTATTCAGTGGCCAGAGGTGAAATTCTCGGATTCACTGAAGACTAACTTATGCGAAAGCATTCACCAAGGATGTCTTCTTTAATCAAGAACGAAAGTTGGGGGATCGAAGACGATCAGATACCGTCGTAGTCTCAACTATAAACTATGCCGACTAGGGATGGGTGGAAGTTGCATTTTCGACTTCATCCGCACCTTGTGAGAAACCAAAGTGTTTGGGTTC,gi|MOA00099|gb|GU353928|k__Fungi,cercozoans
CAGCCGCGGTAATTCCAGCTCCAATAGCGTATATTTAAGTTGTTGCAGTTAAAAAGCTCGTAGTTGGACTTTGGGTTGGGTCGGCCGGTCCGCCTTCAGGTGTGCACCGGTTTACTCGTCCCTTCTATCGGCGATGCGCTCCTGGCCTTAATTGGCCGGGTCGTGCCTCCGGTGCTGTTACTTTGAAGAAATTAGAGTGCTCAAAGCAAGCCTACGCTCTGTATACATTAGCATGGGATAACATCATAGGATTTCGGTCCTATTACGTTGGCCTTCGGGATCGGAGTAATGATTAACAGGGACAGTCGGGGGCATTCGTATTTCATAGTCAGAGGTGAAATTCTTGGATTTATGAAAGACGAACAACTGCGAAAGCATTTGCCAAGGATGTTTTCATTAATCAAGAACGAAAGTTGGGGGCTCGAAGACGATCAGATACCGTCCTAGTCTCAACCATAAACGATGCCGACCAGGGATCAGCGGATGTTGCTTTTAGGACTCCGCTGGCACCTTATGAGAAACCAAAGTGTTTGGGTTC,gi|MOA38540|gb|LT983627|k__Fungi,eudicots
CAGCCGCGGTAATTCCAGCTCCAATAGCGTATATTAAAGTTGCTGCAGTTAAAAAGCTCGTAGTTGGATTTCTGGCGCTGTGCATGCGGCCCGCCACGGTTACGTGTGTGAGTGCCGCCGTGCACATGCCATCCTTCTAGATAGAGTGCACTCTCTTCATTGAGCGGAGTACTAGGTCTAGATCGTTTACTTTGAAAAAATTAGAGTGTTTAAAGCAGGCTTTTGCTATGAATACATTAGCATGGAATAATAATTTAGGACTTCGGTTCTATTTTGTTGGTTTTGCGTACTGAAGTAATGATTGATAGGGATAGTTGGGGGTGCTAGTATTCAGTGGCCAGAGGTGAAATTCTCGGATTCACTGAAGACTAACTTATGCGAAAGCATTCACCAAGGATGTCTTCTTTAATCAAGAACGAAAGTTGGGGGATCGAAGACGATCAGATACCGTCGTAGTCTCAACTATAAACTATGCCGACTAGGGATGGGTGGAAGTTGCATTTTCGACTTCATCCGCACCTTGTGAGAAACCAAAGTGTTTGGGTTC,gi|MOA00099|gb|GU353928|k__Fungi,cercozoans
CAGCCGCGGTAATTCCAGCTCCAATAGCGTATATTTAAGTTGTTGCAGTTAAAAAGCTCGTAGTTGGACCTTGGGTTGGGTCGATCGGTCCGCCATTGGTGTGCACCGGTCGGCTCGTCCCTTCTGCCGGCGATGCGCTCCCGGCCTTAACTGGCCGGGTCGTGCCTCCGGCGCTGTTACTTTGAAGAAATTAGAGTGCTCAAAGCAAGCCTACGCTCTGGATACATTAGCATGGGATAACACCACAGGATTCTGATCCTATTGTGTTGGCCTTCGGGATCGGAGTAATGATTAACAGGGACAGTCGGGGGCATTCGTATTTCATAGTCAGAGGTGAAATTCTTGGATTTATGAAAGACGAACAACTGCGAAAGCATTTGCCAAGGATGTTTTCATTAATCAAGAACGAAAGTTGGGGGCTCGAAGACGATCAGATACCGTCCTAGTCTCAACCATAAACGATGCCGACCAGGGATCAGCGGATGTTGCTTTTAGGACTCCGCTGGCACCTTATGAGAAACCAAAGTGTTTGGGTTC,gi|MOA38540|gb|LT983627|k__Fungi,eudicots
CAGCCGCGGTAATTCCAGCTCCAATAGCGTATATTAGTGTTGTTGCGGTTAAAAAGCTCGTAGTTGAATTTCGGGATTGGGATATATTGGTCATGCCTTTAGGGGCATGAATCGGTGTGTAGCCAATTTCTCACCTTCTGGTGAATTGGGATGCTCTTGGGTGTTTCAATGAACTAGGACTTTTACTTTGAAAAAAATATAGTGTTTAAAGCGGGCATTTTTGCTTGAATACATTAGCATGGAATAATAAAATAGGACGATGGTTCTATTTTGTTGGTTTTAGGACCACGTAATGATTAATAGGGATAGTTGGGGGCATTAGTATTCAATAGTCAGAGGTGAAATTCTTGGATTTATTGAGGACTAACTACTGCGAAAGCATTTGCCAAGGATGTTTTCATTAATCAAGAACGAAAGTTAGGGGATCGAAGACGATTTATGTACATCGTAGTCTTAACCATAAACTATGCCGACTAGGAATCAGACAAAGTTCATTTTTTAATGACTTGTTTGGTACCTTACGGGAAACCAAAGTGTTTGGGTTC,gi|MOA03554|gb|HE615073|k__Fungi,glomeromycetes
